J,ImagePath
LK0497,images/0.jpg
LK0498,images/1.jpg
LK0499,images/2.jpg
LK0500,images/3.jpg
LK0501,images/4.jpg
LK0502,images/5.jpg
LK0503,images/6.jpg
LK0504,images/7.jpg
LK0505,images/8.jpg
LK0506,images/9.jpg
LK0507,images/10.jpg
LK0508,images/11.jpg
LK0509,images/12.jpg
LK0510,images/13.jpg
LK0511,images/14.jpg
LK0594,images/15.jpg
LK0595,images/16.jpg
LK0596,images/17.jpg
LK0597,images/18.jpg
LK0598,images/19.jpg
LK0599,images/20.jpg
LK0600,images/21.jpg
LK0601,images/22.jpg
LK0602,images/23.jpg
LK0603,images/24.jpg
LK0604,images/25.jpg
LK0605,images/26.jpg
LK0606,images/27.jpg
LK0607,images/28.jpg
LK0608,images/29.jpg
LK0609,images/30.jpg
LK0610,images/31.jpg
LK0611,images/32.jpg
LK0612,images/33.jpg
LK0613,images/34.jpg
LK0614,images/35.jpg
LK0734,images/36.jpg
LK0735,images/37.jpg
LK0736,images/38.jpg
LK0740,images/39.jpg
LK0741,images/40.jpg
LK0742,images/41.jpg
LK0743,images/42.jpg
LK0744,images/43.jpg
LK0745,images/44.jpg
LK0927,images/45.jpg
LK0928,images/46.jpg
LK0938,images/47.jpg
LK0941,images/48.jpg
LK0942,images/49.jpg
LK0943,images/50.jpg
LK0944,images/51.jpg
LK0945,images/52.jpg
